-- auto-generated by scripts/gen-phase7e-seed.mjs
SET NAMES utf8mb4;

INSERT INTO ops_channel (code, name, icon, description, bg_gradient, route_path, stats_json, ui_json, sort, status)
VALUES ('banhui', '班会育人', '👨‍🏫', '家长会、班主任管理、主题班会资源，涵盖安全教育、心理健康、品德培养', 'linear-gradient(135deg, #FF6B6B, #ee5a24)', '/theme-class-meeting', '{"total":"268","elite":"42","free":"89"}', '{"showGradeFilter":true,"showSubjectFilter":false,"eliteTitle":"🏅 精品班会专辑","eliteDesc":"精选优质资源合集，一键下载更便捷"}', 50, 1)
ON DUPLICATE KEY UPDATE name=VALUES(name), icon=VALUES(icon), description=VALUES(description), bg_gradient=VALUES(bg_gradient), route_path=VALUES(route_path), stats_json=VALUES(stats_json), ui_json=VALUES(ui_json), sort=VALUES(sort), status=VALUES(status);

DELETE FROM ops_channel_tab WHERE channel_code='banhui';
INSERT INTO ops_channel_tab (channel_code, tab_key, tab_name, icon, search_keyword, sort, status) VALUES ('banhui', 'all', '全部', '📋', '', 100, 1);
INSERT INTO ops_channel_tab (channel_code, tab_key, tab_name, icon, search_keyword, sort, status) VALUES ('banhui', 'meeting', '主题班会', '📝', '主题班会', 99, 1);
INSERT INTO ops_channel_tab (channel_code, tab_key, tab_name, icon, search_keyword, sort, status) VALUES ('banhui', 'parent', '家长会', '👨‍👩‍👧', '家长会', 98, 1);
INSERT INTO ops_channel_tab (channel_code, tab_key, tab_name, icon, search_keyword, sort, status) VALUES ('banhui', 'safety', '安全教育', '🛡️', '安全教育', 97, 1);
INSERT INTO ops_channel_tab (channel_code, tab_key, tab_name, icon, search_keyword, sort, status) VALUES ('banhui', 'mental', '心理健康', '💚', '心理健康', 96, 1);
INSERT INTO ops_channel_tab (channel_code, tab_key, tab_name, icon, search_keyword, sort, status) VALUES ('banhui', 'moral', '品德培养', '🌟', '品德培养', 95, 1);
INSERT INTO ops_channel_tab (channel_code, tab_key, tab_name, icon, search_keyword, sort, status) VALUES ('banhui', 'deyu', '德育教育', '📖', '德育教育', 94, 1);
INSERT INTO ops_channel_tab (channel_code, tab_key, tab_name, icon, search_keyword, sort, status) VALUES ('banhui', 'habit', '行为习惯', '✨', '行为习惯', 93, 1);
INSERT INTO ops_channel_tab (channel_code, tab_key, tab_name, icon, search_keyword, sort, status) VALUES ('banhui', 'festival', '节日主题', '🎉', '节日主题', 92, 1);
INSERT INTO ops_channel_tab (channel_code, tab_key, tab_name, icon, search_keyword, sort, status) VALUES ('banhui', 'term', '开学/毕业', '🎓', '开学毕业', 91, 1);
INSERT INTO ops_channel_tab (channel_code, tab_key, tab_name, icon, search_keyword, sort, status) VALUES ('banhui', 'class', '班级管理', '👥', '班级管理', 90, 1);
INSERT INTO ops_channel_tab (channel_code, tab_key, tab_name, icon, search_keyword, sort, status) VALUES ('banhui', 'law', '法治教育', '⚖️', '法治教育', 89, 1);
INSERT INTO ops_channel_tab (channel_code, tab_key, tab_name, icon, search_keyword, sort, status) VALUES ('banhui', 'elite', '精品专辑', '🏅', '', 88, 1);

DELETE FROM ops_channel_featured_album WHERE channel_code='banhui';
INSERT INTO ops_channel_featured_album (channel_code, title, icon, meta, resource_count, download_count, cover_gradient, sort, status) VALUES ('banhui', '开学第一课精品合集', '🎒', '全学段 | 开学', 15, 8920, 'linear-gradient(135deg, #667eea, #764ba2)', 100, 1);
INSERT INTO ops_channel_featured_album (channel_code, title, icon, meta, resource_count, download_count, cover_gradient, sort, status) VALUES ('banhui', '初中安全教育系列', '🛡️', '初中 | 安全', 12, 6540, 'linear-gradient(135deg, #f093fb, #f5576c)', 99, 1);
INSERT INTO ops_channel_featured_album (channel_code, title, icon, meta, resource_count, download_count, cover_gradient, sort, status) VALUES ('banhui', '诚信教育主题班会', '🤝', '小学 | 诚信', 8, 4320, 'linear-gradient(135deg, #4facfe, #00f2fe)', 98, 1);
INSERT INTO ops_channel_featured_album (channel_code, title, icon, meta, resource_count, download_count, cover_gradient, sort, status) VALUES ('banhui', '心理健康教育合集', '💚', '全学段 | 心理', 20, 3890, 'linear-gradient(135deg, #43e97b, #38f9d7)', 97, 1);

INSERT INTO ops_channel (code, name, icon, description, bg_gradient, route_path, stats_json, ui_json, sort, status)
VALUES ('shengya', '生涯规划', '🧭', '职业探索、生涯教育、大学专业解读、高考选科指导，助力学生规划未来', 'linear-gradient(135deg, #4facfe, #00f2fe)', '/feature/shengya', '{"total":"186","elite":"28","free":"65"}', '{"showGradeFilter":true,"showSubjectFilter":false,"eliteTitle":"🏅 生涯规划精品课程","eliteDesc":"系统化生涯教育方案，帮助学生认识自我、规划未来"}', 40, 1)
ON DUPLICATE KEY UPDATE name=VALUES(name), icon=VALUES(icon), description=VALUES(description), bg_gradient=VALUES(bg_gradient), route_path=VALUES(route_path), stats_json=VALUES(stats_json), ui_json=VALUES(ui_json), sort=VALUES(sort), status=VALUES(status);

DELETE FROM ops_channel_tab WHERE channel_code='shengya';
INSERT INTO ops_channel_tab (channel_code, tab_key, tab_name, icon, search_keyword, sort, status) VALUES ('shengya', 'all', '全部', '📋', '', 100, 1);
INSERT INTO ops_channel_tab (channel_code, tab_key, tab_name, icon, search_keyword, sort, status) VALUES ('shengya', 'career', '职业探索', '💼', '职业探索', 99, 1);
INSERT INTO ops_channel_tab (channel_code, tab_key, tab_name, icon, search_keyword, sort, status) VALUES ('shengya', 'major', '专业解读', '🎓', '专业解读', 98, 1);
INSERT INTO ops_channel_tab (channel_code, tab_key, tab_name, icon, search_keyword, sort, status) VALUES ('shengya', 'gaokao', '高考选科', '✍️', '高考选科', 97, 1);
INSERT INTO ops_channel_tab (channel_code, tab_key, tab_name, icon, search_keyword, sort, status) VALUES ('shengya', 'plan', '生涯规划', '📋', '生涯规划', 96, 1);
INSERT INTO ops_channel_tab (channel_code, tab_key, tab_name, icon, search_keyword, sort, status) VALUES ('shengya', 'college', '大学介绍', '🏫', '大学', 95, 1);
INSERT INTO ops_channel_tab (channel_code, tab_key, tab_name, icon, search_keyword, sort, status) VALUES ('shengya', 'interview', '面试技巧', '💬', '面试', 94, 1);
INSERT INTO ops_channel_tab (channel_code, tab_key, tab_name, icon, search_keyword, sort, status) VALUES ('shengya', 'elite', '精品专辑', '🏅', '', 93, 1);

DELETE FROM ops_channel_featured_album WHERE channel_code='shengya';
INSERT INTO ops_channel_featured_album (channel_code, title, icon, meta, resource_count, download_count, cover_gradient, sort, status) VALUES ('shengya', '新高考选科指导系列', '✍️', '高中 | 选科', 20, 7650, 'linear-gradient(135deg, #667eea, #764ba2)', 100, 1);
INSERT INTO ops_channel_featured_album (channel_code, title, icon, meta, resource_count, download_count, cover_gradient, sort, status) VALUES ('shengya', '职业探索微课合集', '💼', '初中-高中 | 职业', 15, 5430, 'linear-gradient(135deg, #f093fb, #f5576c)', 99, 1);
INSERT INTO ops_channel_featured_album (channel_code, title, icon, meta, resource_count, download_count, cover_gradient, sort, status) VALUES ('shengya', '大学专业全景解读', '🎓', '高中 | 专业', 25, 4320, 'linear-gradient(135deg, #4facfe, #00f2fe)', 98, 1);
INSERT INTO ops_channel_featured_album (channel_code, title, icon, meta, resource_count, download_count, cover_gradient, sort, status) VALUES ('shengya', '生涯规划教案套装', '📋', '全学段 | 规划', 12, 3210, 'linear-gradient(135deg, #43e97b, #38f9d7)', 97, 1);

INSERT INTO ops_channel (code, name, icon, description, bg_gradient, route_path, stats_json, ui_json, sort, status)
VALUES ('chuantong', '传统文化', '🏮', '国学经典、诗词鉴赏、书法美术、传统节日文化，传承中华优秀传统文化', 'linear-gradient(135deg, #f5af19, #f12711)', '/traditional-culture', '{"total":"342","elite":"56","free":"128"}', '{"showGradeFilter":true,"showSubjectFilter":false,"eliteTitle":"🏅 传统文化精品专题","eliteDesc":"品味国学经典，传承文化基因"}', 30, 1)
ON DUPLICATE KEY UPDATE name=VALUES(name), icon=VALUES(icon), description=VALUES(description), bg_gradient=VALUES(bg_gradient), route_path=VALUES(route_path), stats_json=VALUES(stats_json), ui_json=VALUES(ui_json), sort=VALUES(sort), status=VALUES(status);

DELETE FROM ops_channel_tab WHERE channel_code='chuantong';
INSERT INTO ops_channel_tab (channel_code, tab_key, tab_name, icon, search_keyword, sort, status) VALUES ('chuantong', 'all', '全部', '📋', '', 100, 1);
INSERT INTO ops_channel_tab (channel_code, tab_key, tab_name, icon, search_keyword, sort, status) VALUES ('chuantong', 'guoxue', '国学经典', '📜', '国学经典', 99, 1);
INSERT INTO ops_channel_tab (channel_code, tab_key, tab_name, icon, search_keyword, sort, status) VALUES ('chuantong', 'shici', '诗词鉴赏', '🖌️', '诗词', 98, 1);
INSERT INTO ops_channel_tab (channel_code, tab_key, tab_name, icon, search_keyword, sort, status) VALUES ('chuantong', 'calligraphy', '书法艺术', '✒️', '书法', 97, 1);
INSERT INTO ops_channel_tab (channel_code, tab_key, tab_name, icon, search_keyword, sort, status) VALUES ('chuantong', 'festival', '传统节日', '🏮', '节日主题', 96, 1);
INSERT INTO ops_channel_tab (channel_code, tab_key, tab_name, icon, search_keyword, sort, status) VALUES ('chuantong', 'story', '民间故事', '📖', '民间故事', 95, 1);
INSERT INTO ops_channel_tab (channel_code, tab_key, tab_name, icon, search_keyword, sort, status) VALUES ('chuantong', 'customs', '民俗文化', '🎭', '民俗', 94, 1);
INSERT INTO ops_channel_tab (channel_code, tab_key, tab_name, icon, search_keyword, sort, status) VALUES ('chuantong', 'elite', '精品专辑', '🏅', '', 93, 1);

DELETE FROM ops_channel_featured_album WHERE channel_code='chuantong';
INSERT INTO ops_channel_featured_album (channel_code, title, icon, meta, resource_count, download_count, cover_gradient, sort, status) VALUES ('chuantong', '古诗词鉴赏精品课', '🖌️', '小学-初中 | 诗词', 30, 12300, 'linear-gradient(135deg, #f5af19, #f12711)', 100, 1);
INSERT INTO ops_channel_featured_album (channel_code, title, icon, meta, resource_count, download_count, cover_gradient, sort, status) VALUES ('chuantong', '书法入门教程合集', '✒️', '全学段 | 书法', 18, 8760, 'linear-gradient(135deg, #667eea, #764ba2)', 99, 1);
INSERT INTO ops_channel_featured_album (channel_code, title, icon, meta, resource_count, download_count, cover_gradient, sort, status) VALUES ('chuantong', '二十四节气文化专题', '🏮', '全学段 | 节气', 24, 6540, 'linear-gradient(135deg, #43e97b, #38f9d7)', 98, 1);
INSERT INTO ops_channel_featured_album (channel_code, title, icon, meta, resource_count, download_count, cover_gradient, sort, status) VALUES ('chuantong', '国学经典诵读系列', '📜', '小学 | 国学', 16, 5430, 'linear-gradient(135deg, #f093fb, #f5576c)', 97, 1);

INSERT INTO ops_channel (code, name, icon, description, bg_gradient, route_path, stats_json, ui_json, sort, status)
VALUES ('jingsai', '竞赛专区', '🏆', '学科竞赛、奥数培优、作文大赛、英语竞赛、考级证书与考前辅导，冲刺名校加分项', 'linear-gradient(135deg, #F59E0B, #EF4444)', '/competition-zone', '{"total":"456","elite":"78","free":"95"}', '{"showGradeFilter":true,"showSubjectFilter":true,"eliteTitle":"🏅 竞赛备考精品包","eliteDesc":"系统化竞赛培训资料，助力冲刺获奖"}', 20, 1)
ON DUPLICATE KEY UPDATE name=VALUES(name), icon=VALUES(icon), description=VALUES(description), bg_gradient=VALUES(bg_gradient), route_path=VALUES(route_path), stats_json=VALUES(stats_json), ui_json=VALUES(ui_json), sort=VALUES(sort), status=VALUES(status);

DELETE FROM ops_channel_tab WHERE channel_code='jingsai';
INSERT INTO ops_channel_tab (channel_code, tab_key, tab_name, icon, search_keyword, sort, status) VALUES ('jingsai', 'all', '全部', '📋', '', 100, 1);
INSERT INTO ops_channel_tab (channel_code, tab_key, tab_name, icon, search_keyword, sort, status) VALUES ('jingsai', 'olympiad', '学科奥赛', '🔬', '学科竞赛 五科奥赛', 99, 1);
INSERT INTO ops_channel_tab (channel_code, tab_key, tab_name, icon, search_keyword, sort, status) VALUES ('jingsai', 'primary_math', '小学奥数', '📐', '奥数 小学数学竞赛 华杯赛 希望杯', 98, 1);
INSERT INTO ops_channel_tab (channel_code, tab_key, tab_name, icon, search_keyword, sort, status) VALUES ('jingsai', 'math', '数学竞赛', '🔢', '数学竞赛 奥数 联赛', 97, 1);
INSERT INTO ops_channel_tab (channel_code, tab_key, tab_name, icon, search_keyword, sort, status) VALUES ('jingsai', 'physics', '物理竞赛', '⚡', '物理竞赛', 96, 1);
INSERT INTO ops_channel_tab (channel_code, tab_key, tab_name, icon, search_keyword, sort, status) VALUES ('jingsai', 'chemistry', '化学竞赛', '🧪', '化学竞赛', 95, 1);
INSERT INTO ops_channel_tab (channel_code, tab_key, tab_name, icon, search_keyword, sort, status) VALUES ('jingsai', 'biology', '生物竞赛', '🧬', '生物竞赛', 94, 1);
INSERT INTO ops_channel_tab (channel_code, tab_key, tab_name, icon, search_keyword, sort, status) VALUES ('jingsai', 'info', '信息学', '💻', '信息学 NOIP CSP 编程竞赛', 93, 1);
INSERT INTO ops_channel_tab (channel_code, tab_key, tab_name, icon, search_keyword, sort, status) VALUES ('jingsai', 'writing', '作文大赛', '✍️', '作文大赛 作文竞赛', 92, 1);
INSERT INTO ops_channel_tab (channel_code, tab_key, tab_name, icon, search_keyword, sort, status) VALUES ('jingsai', 'english', '英语竞赛', '📝', '英语竞赛 KET PET', 91, 1);
INSERT INTO ops_channel_tab (channel_code, tab_key, tab_name, icon, search_keyword, sort, status) VALUES ('jingsai', 'cert', '考级证书', '📜', '考级 美术考级 舞蹈考级 书法考级', 90, 1);
INSERT INTO ops_channel_tab (channel_code, tab_key, tab_name, icon, search_keyword, sort, status) VALUES ('jingsai', 'exam_prep', '考前辅导', '🎯', '考前辅导 冲刺 名校 加分', 89, 1);
INSERT INTO ops_channel_tab (channel_code, tab_key, tab_name, icon, search_keyword, sort, status) VALUES ('jingsai', 'elite', '精品专辑', '🏅', '', 88, 1);

DELETE FROM ops_channel_featured_album WHERE channel_code='jingsai';
INSERT INTO ops_channel_featured_album (channel_code, title, icon, meta, resource_count, download_count, cover_gradient, sort, status) VALUES ('jingsai', '奥数培优全套课程', '📐', '小学-初中 | 数学', 50, 15600, 'linear-gradient(135deg, #F59E0B, #EF4444)', 100, 1);
INSERT INTO ops_channel_featured_album (channel_code, title, icon, meta, resource_count, download_count, cover_gradient, sort, status) VALUES ('jingsai', '信息学CSP备考包', '💻', '初中-高中 | 信息学', 35, 9870, 'linear-gradient(135deg, #667eea, #764ba2)', 99, 1);
INSERT INTO ops_channel_featured_album (channel_code, title, icon, meta, resource_count, download_count, cover_gradient, sort, status) VALUES ('jingsai', '全国作文大赛指导', '✍️', '小学-高中 | 作文', 25, 7650, 'linear-gradient(135deg, #f093fb, #f5576c)', 98, 1);
INSERT INTO ops_channel_featured_album (channel_code, title, icon, meta, resource_count, download_count, cover_gradient, sort, status) VALUES ('jingsai', '物理竞赛冲刺资料', '⚡', '高中 | 物理', 40, 6540, 'linear-gradient(135deg, #4facfe, #00f2fe)', 97, 1);

INSERT INTO ops_channel (code, name, icon, description, bg_gradient, route_path, stats_json, ui_json, sort, status)
VALUES ('zhuanti', '专题资源', '📚', '成都·绵阳片区：寒暑假作业、开学备考、期中期末复习、升学冲刺、时事热点与跨学科 PBL', 'linear-gradient(135deg, #8B5CF6, #6D28D9)', '/topic-zone', '{"total":"680","elite":"118","free":"246"}', '{"showGradeFilter":true,"showSubjectFilter":true,"eliteTitle":"🏅 热门专题精选","eliteDesc":"成都、绵阳教学日历专题 · 紧跟热点"}', 10, 1)
ON DUPLICATE KEY UPDATE name=VALUES(name), icon=VALUES(icon), description=VALUES(description), bg_gradient=VALUES(bg_gradient), route_path=VALUES(route_path), stats_json=VALUES(stats_json), ui_json=VALUES(ui_json), sort=VALUES(sort), status=VALUES(status);

DELETE FROM ops_channel_tab WHERE channel_code='zhuanti';
INSERT INTO ops_channel_tab (channel_code, tab_key, tab_name, icon, search_keyword, sort, status) VALUES ('zhuanti', 'all', '全部', '📋', '', 100, 1);
INSERT INTO ops_channel_tab (channel_code, tab_key, tab_name, icon, search_keyword, sort, status) VALUES ('zhuanti', 'holiday_hw', '寒暑假作业', '🏖️', '寒暑假 暑假作业 寒假作业', 99, 1);
INSERT INTO ops_channel_tab (channel_code, tab_key, tab_name, icon, search_keyword, sort, status) VALUES ('zhuanti', 'term_open', '开学备考', '🎒', '开学备考 开学 收心', 98, 1);
INSERT INTO ops_channel_tab (channel_code, tab_key, tab_name, icon, search_keyword, sort, status) VALUES ('zhuanti', 'midterm_final', '期中期末', '📝', '期中期末 期中复习 期末冲刺', 97, 1);
INSERT INTO ops_channel_tab (channel_code, tab_key, tab_name, icon, search_keyword, sort, status) VALUES ('zhuanti', 'promotion', '升学冲刺', '🎯', '升学冲刺 小升初 中考 高考', 96, 1);
INSERT INTO ops_channel_tab (channel_code, tab_key, tab_name, icon, search_keyword, sort, status) VALUES ('zhuanti', 'news', '时事热点', '📰', '时事热点', 95, 1);
INSERT INTO ops_channel_tab (channel_code, tab_key, tab_name, icon, search_keyword, sort, status) VALUES ('zhuanti', 'cross', '跨学科', '🔗', '跨学科', 94, 1);
INSERT INTO ops_channel_tab (channel_code, tab_key, tab_name, icon, search_keyword, sort, status) VALUES ('zhuanti', 'project', '项目式学习', '📋', '项目式学习 PBL', 93, 1);
INSERT INTO ops_channel_tab (channel_code, tab_key, tab_name, icon, search_keyword, sort, status) VALUES ('zhuanti', 'elite', '精品专辑', '🏅', '', 92, 1);

DELETE FROM ops_channel_featured_album WHERE channel_code='zhuanti';
INSERT INTO ops_channel_featured_album (channel_code, title, icon, meta, resource_count, download_count, cover_gradient, sort, status) VALUES ('zhuanti', '成都片区·期末冲刺精选', '🐼', '成都 | 期中期末', 36, 22100, 'linear-gradient(135deg, #8B5CF6, #6D28D9)', 100, 1);
INSERT INTO ops_channel_featured_album (channel_code, title, icon, meta, resource_count, download_count, cover_gradient, sort, status) VALUES ('zhuanti', '绵阳片区·中考升学包', '🏔️', '绵阳 | 升学冲刺', 28, 15600, 'linear-gradient(135deg, #4facfe, #00f2fe)', 99, 1);
INSERT INTO ops_channel_featured_album (channel_code, title, icon, meta, resource_count, download_count, cover_gradient, sort, status) VALUES ('zhuanti', '2026寒暑假作业全科合集', '🏖️', '全学段 | 寒暑假', 42, 38900, 'linear-gradient(135deg, #43e97b, #38f9d7)', 98, 1);
INSERT INTO ops_channel_featured_album (channel_code, title, icon, meta, resource_count, download_count, cover_gradient, sort, status) VALUES ('zhuanti', '跨学科PBL项目方案', '🔗', '小学-高中 | PBL', 24, 9870, 'linear-gradient(135deg, #f093fb, #f5576c)', 97, 1);

